scenario,file,relative_path,sha256,size_bytes,upstream_path
nms0000,10.114.20.1.txt,nms0000/10.114.20.1.txt,f52636ea4b816318865877aa37c56adc959109fe573b9554290b294b04e6583a,5989,features/enlinkd/tests/src/test/resources/linkd/nms0000/10.114.20.1.txt
nms0000,10.114.20.10.txt,nms0000/10.114.20.10.txt,c197a7f33b1e2f340e422ab9f4c6d41397aab868c8d4ba8130f15c0ba5738c99,6778,features/enlinkd/tests/src/test/resources/linkd/nms0000/10.114.20.10.txt
nms0000,10.114.20.11.txt,nms0000/10.114.20.11.txt,b8081a35eae149ad86b6fa0eed7995ba877e9b2837028666a3a391076c7fc6aa,6053,features/enlinkd/tests/src/test/resources/linkd/nms0000/10.114.20.11.txt
nms0000,10.114.20.12.txt,nms0000/10.114.20.12.txt,ef2e7f0d19a100a4860004da64a6e8251596441b8dabc72d743c87e09e395cb0,7510,features/enlinkd/tests/src/test/resources/linkd/nms0000/10.114.20.12.txt
nms0000,10.114.20.14.txt,nms0000/10.114.20.14.txt,09abfc269d99c8316df890e2e1313e19baada4c981bc8928ad1a46b5d81537c1,6091,features/enlinkd/tests/src/test/resources/linkd/nms0000/10.114.20.14.txt
nms0000,10.114.20.15.txt,nms0000/10.114.20.15.txt,ca775510fe5e3f565d494fa72aa5ab10bcfcf96f6a5cbd239f4bb2eb6105cd69,2889,features/enlinkd/tests/src/test/resources/linkd/nms0000/10.114.20.15.txt
nms0000,10.114.20.16.txt,nms0000/10.114.20.16.txt,77eeb9887755dcad80ce641911b7e7d1807c324b46f58315722d7873062b7060,10083,features/enlinkd/tests/src/test/resources/linkd/nms0000/10.114.20.16.txt
nms0000,10.114.20.17.txt,nms0000/10.114.20.17.txt,c22c9454f173defed5143baad18ba66125ad5eeb23f454d94a5019d67b799a55,5996,features/enlinkd/tests/src/test/resources/linkd/nms0000/10.114.20.17.txt
nms0000,10.114.20.18.txt,nms0000/10.114.20.18.txt,5baaae90815b747408e8811c02a552d48012cd29bb15af9564a1ba228b55383f,8561,features/enlinkd/tests/src/test/resources/linkd/nms0000/10.114.20.18.txt
nms0000,10.114.20.19.txt,nms0000/10.114.20.19.txt,7fad51b8a76151f0daae68fd9ccc2ceb776a75d54c9f3545efb0fb05f8cc4b87,5281,features/enlinkd/tests/src/test/resources/linkd/nms0000/10.114.20.19.txt
nms0000,10.114.20.2.txt,nms0000/10.114.20.2.txt,c96d796962d835da1d307582c3e13b30faeaa5887727fd31f3a5bb856812079c,6041,features/enlinkd/tests/src/test/resources/linkd/nms0000/10.114.20.2.txt
nms0000,10.114.20.3.txt,nms0000/10.114.20.3.txt,bc909448b55a81291d9ee2353c416f79b7fa0de7a79da6969c6fb07dd329405e,5324,features/enlinkd/tests/src/test/resources/linkd/nms0000/10.114.20.3.txt
nms0000,10.114.20.4.txt,nms0000/10.114.20.4.txt,95445b227a99ad46f49fa4ca5ad7c87a08f2663a41123d75bc47014dbdeba7ab,6041,features/enlinkd/tests/src/test/resources/linkd/nms0000/10.114.20.4.txt
nms0000,10.114.20.5.txt,nms0000/10.114.20.5.txt,a88f5b5f7be616fd1004998c8457f929ec6f42da3c49bb31fc8464c8e49f4d69,6004,features/enlinkd/tests/src/test/resources/linkd/nms0000/10.114.20.5.txt
nms0000,10.114.20.6.txt,nms0000/10.114.20.6.txt,1355243b3c80ab0b1797e8d9295853d171fa2f968390177ad95fc3825fd7eb9e,6050,features/enlinkd/tests/src/test/resources/linkd/nms0000/10.114.20.6.txt
nms0000,10.114.20.7.txt,nms0000/10.114.20.7.txt,217d40fc34a096fac130c9b6dfedebc1499ad7c06e19e408d31e69e1b280c882,5273,features/enlinkd/tests/src/test/resources/linkd/nms0000/10.114.20.7.txt
nms0000,10.114.20.8.txt,nms0000/10.114.20.8.txt,53c58455926b678f0f99c61d7f3730697587672e998f20305a62c22151bc08c8,6561,features/enlinkd/tests/src/test/resources/linkd/nms0000/10.114.20.8.txt
nms0000,10.114.20.9.txt,nms0000/10.114.20.9.txt,3da9d2b9a470d205391bccb041ef44f00c80babdaddd55c6121a95a56f5abd0a,6766,features/enlinkd/tests/src/test/resources/linkd/nms0000/10.114.20.9.txt
nms0000,planet.txt,nms0000/planet.txt,319de4d8e73e7d8f74c9886a13c6a53b03ca2e744af472ab99db96a9c2fa17b1,4538,features/enlinkd/tests/src/test/resources/linkd/nms0000/planet.txt
nms0001,froh-192.168.239.51-walk.txt,nms0001/froh-192.168.239.51-walk.txt,8e9689a16ef1053732d0b90e0074506cba6fd9dcf4e454c28487c6e2182b3b82,3241781,features/enlinkd/tests/src/test/resources/linkd/nms0001/froh-192.168.239.51-walk.txt
nms0001,oedipus-192.168.239.62-walk.txt,nms0001/oedipus-192.168.239.62-walk.txt,5797108ff382b08f4b0215e4498a6e083099708c9ce31759f188de9b7b2a1795,1581792,features/enlinkd/tests/src/test/resources/linkd/nms0001/oedipus-192.168.239.62-walk.txt
nms0001,siegfrie-192.168.239.54-walk.txt,nms0001/siegfrie-192.168.239.54-walk.txt,a645964a8281602e0056a28b73ead939876be3d8f95adbeac6603528130142e9,1564741,features/enlinkd/tests/src/test/resources/linkd/nms0001/siegfrie-192.168.239.54-walk.txt
nms0002UkRoFakeLink,r-ro-suce-pict-001.txt,nms0002UkRoFakeLink/r-ro-suce-pict-001.txt,aecf0b98a0646e936a1d6888e0e5e755fc016e34b7c84f4d16906e963d1193d6,3486001,features/enlinkd/tests/src/test/resources/linkd/nms0002UkRoFakeLink/r-ro-suce-pict-001.txt
nms0002UkRoFakeLink,r-uk-nott-newt-103.txt,nms0002UkRoFakeLink/r-uk-nott-newt-103.txt,488d0c3135697a563708722b5d7732f85092490a12ff26209b34b415748e5760,896747,features/enlinkd/tests/src/test/resources/linkd/nms0002UkRoFakeLink/r-uk-nott-newt-103.txt
nms0002ciscoalcatel,r-se-malm-nobe-013.txt,nms0002ciscoalcatel/r-se-malm-nobe-013.txt,fc77b125dec33dc32f32b137d041c62f9330b8cb8bda4faed2608c6ba94d9d04,972183,features/enlinkd/tests/src/test/resources/linkd/nms0002ciscoalcatel/r-se-malm-nobe-013.txt
nms0002ciscoalcatel,r-se-malm-nobe-013.vlan.1.txt,nms0002ciscoalcatel/r-se-malm-nobe-013.vlan.1.txt,7829f1819c1d7b6cf8495c355bbaa38095df2ea1391cfa819b8515e9f3265e7e,24238,features/enlinkd/tests/src/test/resources/linkd/nms0002ciscoalcatel/r-se-malm-nobe-013.vlan.1.txt
nms0002ciscoalcatel,r-se-malm-nobe-013.vlan.1002.txt,nms0002ciscoalcatel/r-se-malm-nobe-013.vlan.1002.txt,8c755fc5b79d3aea9070d9c80174b164f918b015439c556f4a6064bfa1ccaf86,97,features/enlinkd/tests/src/test/resources/linkd/nms0002ciscoalcatel/r-se-malm-nobe-013.vlan.1002.txt
nms0002ciscoalcatel,r-se-malm-nobe-013.vlan.1003.txt,nms0002ciscoalcatel/r-se-malm-nobe-013.vlan.1003.txt,8c755fc5b79d3aea9070d9c80174b164f918b015439c556f4a6064bfa1ccaf86,97,features/enlinkd/tests/src/test/resources/linkd/nms0002ciscoalcatel/r-se-malm-nobe-013.vlan.1003.txt
nms0002ciscoalcatel,r-se-malm-nobe-013.vlan.1004.txt,nms0002ciscoalcatel/r-se-malm-nobe-013.vlan.1004.txt,8c755fc5b79d3aea9070d9c80174b164f918b015439c556f4a6064bfa1ccaf86,97,features/enlinkd/tests/src/test/resources/linkd/nms0002ciscoalcatel/r-se-malm-nobe-013.vlan.1004.txt
nms0002ciscoalcatel,r-se-malm-nobe-013.vlan.1005.txt,nms0002ciscoalcatel/r-se-malm-nobe-013.vlan.1005.txt,8c755fc5b79d3aea9070d9c80174b164f918b015439c556f4a6064bfa1ccaf86,97,features/enlinkd/tests/src/test/resources/linkd/nms0002ciscoalcatel/r-se-malm-nobe-013.vlan.1005.txt
nms0002ciscoalcatel,r-se-malm-nobe-013.vlan.3.txt,nms0002ciscoalcatel/r-se-malm-nobe-013.vlan.3.txt,3927a12f78ccaaa691e7cf94b7da9f7b9259747f3e3108d9455794f43d042fe6,32750,features/enlinkd/tests/src/test/resources/linkd/nms0002ciscoalcatel/r-se-malm-nobe-013.vlan.3.txt
nms0002ciscoalcatel,r-se-malm-nobe-013.vlan.357.txt,nms0002ciscoalcatel/r-se-malm-nobe-013.vlan.357.txt,d57640753f804b5019d10df14e0a776eece066871e0a4abfccb0a9074bae26b3,23544,features/enlinkd/tests/src/test/resources/linkd/nms0002ciscoalcatel/r-se-malm-nobe-013.vlan.357.txt
nms0002ciscoalcatel,r-se-malm-nobe-013.vlan.360.txt,nms0002ciscoalcatel/r-se-malm-nobe-013.vlan.360.txt,20c88d2e1d805c3d2e38ac7cea6a6dfc934815b26193433afff3a608266dc170,21672,features/enlinkd/tests/src/test/resources/linkd/nms0002ciscoalcatel/r-se-malm-nobe-013.vlan.360.txt
nms0002ciscoalcatel,r-se-malm-nobe-013.vlan.389.txt,nms0002ciscoalcatel/r-se-malm-nobe-013.vlan.389.txt,d8d5d5d295200d5827d1449a5dd5c777fa4927e2640e4c1fb6a2413525e3fa0c,22034,features/enlinkd/tests/src/test/resources/linkd/nms0002ciscoalcatel/r-se-malm-nobe-013.vlan.389.txt
nms0002ciscoalcatel,r-se-malm-nobe-013.vlan.399.txt,nms0002ciscoalcatel/r-se-malm-nobe-013.vlan.399.txt,19004055e6705c5669fdc7fb85e944b24eaf4c910bb7b11d515279bf475dec4d,1889,features/enlinkd/tests/src/test/resources/linkd/nms0002ciscoalcatel/r-se-malm-nobe-013.vlan.399.txt
nms0002ciscoalcatel,r-se-malm-nobe-013.vlan.450.txt,nms0002ciscoalcatel/r-se-malm-nobe-013.vlan.450.txt,e7af449eb4ff97a1b532044cf0945095b811311fc57606bba59100eaa6c18c85,22897,features/enlinkd/tests/src/test/resources/linkd/nms0002ciscoalcatel/r-se-malm-nobe-013.vlan.450.txt
nms0002ciscoalcatel,r-se-malm-nobe-013.vlan.451.txt,nms0002ciscoalcatel/r-se-malm-nobe-013.vlan.451.txt,bdccc517935bf46abf21f06c38e1c94c51a7a505c8815345b93ed3083b8a60eb,23834,features/enlinkd/tests/src/test/resources/linkd/nms0002ciscoalcatel/r-se-malm-nobe-013.vlan.451.txt
nms0002ciscoalcatel,r-se-malm-nobe-013.vlan.452.txt,nms0002ciscoalcatel/r-se-malm-nobe-013.vlan.452.txt,7208061275aac18f77c9f2b0d7461c06e2cc136d569d2efc96d4a566b834e06c,23657,features/enlinkd/tests/src/test/resources/linkd/nms0002ciscoalcatel/r-se-malm-nobe-013.vlan.452.txt
nms0002ciscoalcatel,r-se-malm-nobe-013.vlan.453.txt,nms0002ciscoalcatel/r-se-malm-nobe-013.vlan.453.txt,bda6bf593bf6b17b331ea7beefbe8727a4bdb280dda45c1b9b3a04ead339cfb8,25112,features/enlinkd/tests/src/test/resources/linkd/nms0002ciscoalcatel/r-se-malm-nobe-013.vlan.453.txt
nms0002ciscoalcatel,r-se-malm-nobe-013.vlan.454.txt,nms0002ciscoalcatel/r-se-malm-nobe-013.vlan.454.txt,f5a895536a77bf52dd0d812796ee60d8c51de93b9aaba9b1ad98a93327963710,23657,features/enlinkd/tests/src/test/resources/linkd/nms0002ciscoalcatel/r-se-malm-nobe-013.vlan.454.txt
nms0002ciscoalcatel,r-se-malm-nobe-013.vlan.500.txt,nms0002ciscoalcatel/r-se-malm-nobe-013.vlan.500.txt,5d764a94f3bf292e5ff970e3b7c4ac3858cf4f0c186964b41782677fccde3519,27139,features/enlinkd/tests/src/test/resources/linkd/nms0002ciscoalcatel/r-se-malm-nobe-013.vlan.500.txt
nms0002ciscoalcatel,r-se-malm-nobe-013.vlan.501.txt,nms0002ciscoalcatel/r-se-malm-nobe-013.vlan.501.txt,2a56322a0ef034b406c040a02941686496bc49052dc1434b08e5951b062da782,23644,features/enlinkd/tests/src/test/resources/linkd/nms0002ciscoalcatel/r-se-malm-nobe-013.vlan.501.txt
nms0002ciscoalcatel,r-se-malm-nobe-013.vlan.502.txt,nms0002ciscoalcatel/r-se-malm-nobe-013.vlan.502.txt,6b76b21dcd36a381bc327385d61a66c42d189eb73fd0eb3d68ef06a0f2ca78a9,23644,features/enlinkd/tests/src/test/resources/linkd/nms0002ciscoalcatel/r-se-malm-nobe-013.vlan.502.txt
nms0002ciscoalcatel,r-se-malm-nobe-013.vlan.503.txt,nms0002ciscoalcatel/r-se-malm-nobe-013.vlan.503.txt,33e83858cbcda0c387137321c67083ddef301d0ae48e83bc3fbd0c7549dd59c2,23842,features/enlinkd/tests/src/test/resources/linkd/nms0002ciscoalcatel/r-se-malm-nobe-013.vlan.503.txt
nms0002ciscoalcatel,r-se-malm-nobe-013.vlan.504.txt,nms0002ciscoalcatel/r-se-malm-nobe-013.vlan.504.txt,774da0aed98cf7e7af9be8c559076e546a05e563d7efe70226302fae9cde00be,34432,features/enlinkd/tests/src/test/resources/linkd/nms0002ciscoalcatel/r-se-malm-nobe-013.vlan.504.txt
nms0002ciscoalcatel,r-se-malm-nobe-013.vlan.505.txt,nms0002ciscoalcatel/r-se-malm-nobe-013.vlan.505.txt,67105742cdf056ac70e6fec0786265c39862936dbfa98b35b860f00f7bc97b2b,63897,features/enlinkd/tests/src/test/resources/linkd/nms0002ciscoalcatel/r-se-malm-nobe-013.vlan.505.txt
nms0002ciscoalcatel,r-se-malm-nobe-013.vlan.506.txt,nms0002ciscoalcatel/r-se-malm-nobe-013.vlan.506.txt,e5255c0461206f3f7fd6f3a1d3a4f61600641a30f918da193c352af994feb4a1,23829,features/enlinkd/tests/src/test/resources/linkd/nms0002ciscoalcatel/r-se-malm-nobe-013.vlan.506.txt
nms0002ciscoalcatel,r-se-malm-nobe-013.vlan.507.txt,nms0002ciscoalcatel/r-se-malm-nobe-013.vlan.507.txt,19f56f14759d9f24448c272432ffadfc80b08b7b127751a5077880bd6968b8fa,25365,features/enlinkd/tests/src/test/resources/linkd/nms0002ciscoalcatel/r-se-malm-nobe-013.vlan.507.txt
nms0002ciscoalcatel,r-se-malm-nobe-013.vlan.508.txt,nms0002ciscoalcatel/r-se-malm-nobe-013.vlan.508.txt,013c95f932557be26ba3fe98184704f4d0abdb1e305ff06d7efa543c69c23e91,23643,features/enlinkd/tests/src/test/resources/linkd/nms0002ciscoalcatel/r-se-malm-nobe-013.vlan.508.txt
nms0002ciscoalcatel,r-se-malm-nobe-013.vlan.600.txt,nms0002ciscoalcatel/r-se-malm-nobe-013.vlan.600.txt,8b2e3892ac3974a61fcd80842269452fe101d856cc824f9b3d922b313603894b,27112,features/enlinkd/tests/src/test/resources/linkd/nms0002ciscoalcatel/r-se-malm-nobe-013.vlan.600.txt
nms0002ciscoalcatel,r-se-malm-nobe-013.vlan.601.txt,nms0002ciscoalcatel/r-se-malm-nobe-013.vlan.601.txt,38aa416ac2e730187956f9315c652e313a6a4513fd6ab13b0a26d73af5822a63,24974,features/enlinkd/tests/src/test/resources/linkd/nms0002ciscoalcatel/r-se-malm-nobe-013.vlan.601.txt
nms0002ciscoalcatel,r-se-malm-nobe-013.vlan.602.txt,nms0002ciscoalcatel/r-se-malm-nobe-013.vlan.602.txt,e8b2717cdcfd8c19d13f2a7c2587fd029d22b4f2332c8731549fdb32c2aca71f,24213,features/enlinkd/tests/src/test/resources/linkd/nms0002ciscoalcatel/r-se-malm-nobe-013.vlan.602.txt
nms0002ciscoalcatel,r-se-malm-nobe-013.vlan.603.txt,nms0002ciscoalcatel/r-se-malm-nobe-013.vlan.603.txt,4c60e38d96dc7fc67010e5df955a07fe63f2a9deb3b0041afe599874268351d1,28685,features/enlinkd/tests/src/test/resources/linkd/nms0002ciscoalcatel/r-se-malm-nobe-013.vlan.603.txt
nms0002ciscoalcatel,r-se-malm-nobe-013.vlan.604.txt,nms0002ciscoalcatel/r-se-malm-nobe-013.vlan.604.txt,085faf3afdedca2ca117525e45f0c4f305807c18593253b0578133d70fe2329e,34083,features/enlinkd/tests/src/test/resources/linkd/nms0002ciscoalcatel/r-se-malm-nobe-013.vlan.604.txt
nms0002ciscoalcatel,r-se-malm-nobe-013.vlan.605.txt,nms0002ciscoalcatel/r-se-malm-nobe-013.vlan.605.txt,69c3fb190709a2ee0dc8be599afd1988f622d845a6fdba0bc37797d8cdaa0fc2,24783,features/enlinkd/tests/src/test/resources/linkd/nms0002ciscoalcatel/r-se-malm-nobe-013.vlan.605.txt
nms0002ciscoalcatel,r-se-malm-nobe-013.vlan.606.txt,nms0002ciscoalcatel/r-se-malm-nobe-013.vlan.606.txt,6539e2d681f5ddfdde4a7f7491d51ddcc07d5cd30f6bcff41161ae931a6b8b1d,24749,features/enlinkd/tests/src/test/resources/linkd/nms0002ciscoalcatel/r-se-malm-nobe-013.vlan.606.txt
nms0002ciscoalcatel,r-se-malm-nobe-013.vlan.750.txt,nms0002ciscoalcatel/r-se-malm-nobe-013.vlan.750.txt,c9c2b959216ef9f25c604f8f82e53716beb6880b22628e259e2ef5a2b63695b9,28751,features/enlinkd/tests/src/test/resources/linkd/nms0002ciscoalcatel/r-se-malm-nobe-013.vlan.750.txt
nms0002ciscoalcatel,r-se-malm-nobe-013.vlan.800.txt,nms0002ciscoalcatel/r-se-malm-nobe-013.vlan.800.txt,2a51a099d267f07b6e5479c480d010394e98c8a543054bc7eb344926519f8b4b,22823,features/enlinkd/tests/src/test/resources/linkd/nms0002ciscoalcatel/r-se-malm-nobe-013.vlan.800.txt
nms0002ciscoalcatel,r-se-malm-nobe-013.vlan.801.txt,nms0002ciscoalcatel/r-se-malm-nobe-013.vlan.801.txt,ede3d4b2d2a5157d8da197ce02ea5bd07f11c7f643e9c002a47928172b638486,22277,features/enlinkd/tests/src/test/resources/linkd/nms0002ciscoalcatel/r-se-malm-nobe-013.vlan.801.txt
nms0002ciscoalcatel,r-se-malm-nobe-013.vlan.835.txt,nms0002ciscoalcatel/r-se-malm-nobe-013.vlan.835.txt,9f711ddf9441346b5465459f749e3e80d2438dcd56c15eedb3e30a69e5b3f36a,22823,features/enlinkd/tests/src/test/resources/linkd/nms0002ciscoalcatel/r-se-malm-nobe-013.vlan.835.txt
nms0002ciscoalcatel,r-se-malm-nobe-013.vlan.836.txt,nms0002ciscoalcatel/r-se-malm-nobe-013.vlan.836.txt,d15c13f7925a3059a3fc707dce51b62fee4b480d3512c3b3a2950296897c6527,22079,features/enlinkd/tests/src/test/resources/linkd/nms0002ciscoalcatel/r-se-malm-nobe-013.vlan.836.txt
nms0002ciscoalcatel,r-se-malm-nobe-013.vlan.850.txt,nms0002ciscoalcatel/r-se-malm-nobe-013.vlan.850.txt,c828bb798569f146c86955b27b74348f2265b9dda4a300e07cdc887640fa5d74,24389,features/enlinkd/tests/src/test/resources/linkd/nms0002ciscoalcatel/r-se-malm-nobe-013.vlan.850.txt
nms0002ciscoalcatel,r-se-malm-nobe-013.vlan.851.txt,nms0002ciscoalcatel/r-se-malm-nobe-013.vlan.851.txt,20cb87764f32e36e6eec87f0402ebab35f14d05945e401466fd001da051d5ca5,23840,features/enlinkd/tests/src/test/resources/linkd/nms0002ciscoalcatel/r-se-malm-nobe-013.vlan.851.txt
nms0002ciscoalcatel,r-se-malm-nobe-013.vlan.950.txt,nms0002ciscoalcatel/r-se-malm-nobe-013.vlan.950.txt,59e1da40833e3ed0b570633d5417017ca34069b700460a6f826066f120dd9104,27617,features/enlinkd/tests/src/test/resources/linkd/nms0002ciscoalcatel/r-se-malm-nobe-013.vlan.950.txt
nms0002ciscoalcatel,s-se-malm-nobe-561.txt,nms0002ciscoalcatel/s-se-malm-nobe-561.txt,571c80e17dc16c8834841e46b070e1f459cca7dabd35d2b3ed8669f01ec0b2b4,1246362,features/enlinkd/tests/src/test/resources/linkd/nms0002ciscoalcatel/s-se-malm-nobe-561.txt
nms0002ciscoalcatel2,r-de-essn-brue-001.txt,nms0002ciscoalcatel2/r-de-essn-brue-001.txt,90a98df183bb3a3ce11f7681d3a1cdb51e98e2604972c4e89614c6156c532954,5024882,features/enlinkd/tests/src/test/resources/linkd/nms0002ciscoalcatel2/r-de-essn-brue-001.txt
nms0002ciscoalcatel2,r-de-essn-brue-001.vlan400.txt,nms0002ciscoalcatel2/r-de-essn-brue-001.vlan400.txt,ffd5a89bc376b2f1fabdf109776a4e00eb39743c2e6c43137c2242e9af876dbe,73533,features/enlinkd/tests/src/test/resources/linkd/nms0002ciscoalcatel2/r-de-essn-brue-001.vlan400.txt
nms0002ciscoalcatel2,r-de-essn-brue-001.vlan450.txt,nms0002ciscoalcatel2/r-de-essn-brue-001.vlan450.txt,cec0f909845f637f1d826f1b685650a551e8132237d0879234bd3c7d6551281c,75666,features/enlinkd/tests/src/test/resources/linkd/nms0002ciscoalcatel2/r-de-essn-brue-001.vlan450.txt
nms0002ciscoalcatel2,r-de-essn-brue-001.vlan451.txt,nms0002ciscoalcatel2/r-de-essn-brue-001.vlan451.txt,285fc2bdf23a5ac0c83a9041382e1d7ca9cb606a5814a3838940d32d7e1904e3,73533,features/enlinkd/tests/src/test/resources/linkd/nms0002ciscoalcatel2/r-de-essn-brue-001.vlan451.txt
nms0002ciscoalcatel2,r-de-essn-brue-001.vlan452.txt,nms0002ciscoalcatel2/r-de-essn-brue-001.vlan452.txt,b8c34d3027b36d6cee9ae389a9f038e78f9b8b962573f7a2d196f654bacec757,75098,features/enlinkd/tests/src/test/resources/linkd/nms0002ciscoalcatel2/r-de-essn-brue-001.vlan452.txt
nms0002ciscoalcatel2,r-de-essn-brue-001.vlan453.txt,nms0002ciscoalcatel2/r-de-essn-brue-001.vlan453.txt,08abdb6a25b238889eeef2a2da6678686cf930fa41cb3fe1e21cb776a6337346,74660,features/enlinkd/tests/src/test/resources/linkd/nms0002ciscoalcatel2/r-de-essn-brue-001.vlan453.txt
nms0002ciscoalcatel2,r-de-essn-brue-001.vlan500.txt,nms0002ciscoalcatel2/r-de-essn-brue-001.vlan500.txt,b976412b23707f9fd946265e885e0c7356c6050434a0fbefcc31495ca71af037,83108,features/enlinkd/tests/src/test/resources/linkd/nms0002ciscoalcatel2/r-de-essn-brue-001.vlan500.txt
nms0002ciscoalcatel2,r-de-essn-brue-001.vlan501.txt,nms0002ciscoalcatel2/r-de-essn-brue-001.vlan501.txt,d9b886d32fe1a15fbeac9c4ed24a0468407df4b76843b94f2a843a86a4e37833,83686,features/enlinkd/tests/src/test/resources/linkd/nms0002ciscoalcatel2/r-de-essn-brue-001.vlan501.txt
nms0002ciscoalcatel2,r-de-essn-brue-001.vlan502.txt,nms0002ciscoalcatel2/r-de-essn-brue-001.vlan502.txt,6221980667e09092734cc5cbd46f845ba49f24bcf0a5f6eb42baee9d8a10b13d,79352,features/enlinkd/tests/src/test/resources/linkd/nms0002ciscoalcatel2/r-de-essn-brue-001.vlan502.txt
nms0002ciscoalcatel2,r-de-essn-brue-001.vlan503.txt,nms0002ciscoalcatel2/r-de-essn-brue-001.vlan503.txt,71ba345738b19b9dfa5fd1cfbab6d9e8d1d9da29b9720f7c4a0c89fb5c5344e1,90017,features/enlinkd/tests/src/test/resources/linkd/nms0002ciscoalcatel2/r-de-essn-brue-001.vlan503.txt
nms0002ciscoalcatel2,r-de-essn-brue-001.vlan504.txt,nms0002ciscoalcatel2/r-de-essn-brue-001.vlan504.txt,3e3c2851974f0694066c9fd86e78f22fced08f932485e8fb0690e549628d412e,89800,features/enlinkd/tests/src/test/resources/linkd/nms0002ciscoalcatel2/r-de-essn-brue-001.vlan504.txt
nms0002ciscoalcatel2,r-de-essn-brue-001.vlan505.txt,nms0002ciscoalcatel2/r-de-essn-brue-001.vlan505.txt,2fc8b2d64fc32f9bd9c53f5affb687ded0d67e242f25e4ac475b98cb339e3832,78771,features/enlinkd/tests/src/test/resources/linkd/nms0002ciscoalcatel2/r-de-essn-brue-001.vlan505.txt
nms0002ciscoalcatel2,r-de-essn-brue-001.vlan506.txt,nms0002ciscoalcatel2/r-de-essn-brue-001.vlan506.txt,8b44d3e806e34ec5e94e858283e8a2515bbecbadc5d2cf804bdb8b25d2eb15e2,79883,features/enlinkd/tests/src/test/resources/linkd/nms0002ciscoalcatel2/r-de-essn-brue-001.vlan506.txt
nms0002ciscoalcatel2,r-de-essn-brue-001.vlan507.txt,nms0002ciscoalcatel2/r-de-essn-brue-001.vlan507.txt,6806b42e8812c675f1bbec7c27ded5037b4b1906977bba2d151d99f529fbff1f,74660,features/enlinkd/tests/src/test/resources/linkd/nms0002ciscoalcatel2/r-de-essn-brue-001.vlan507.txt
nms0002ciscoalcatel2,r-de-essn-brue-001.vlan508.txt,nms0002ciscoalcatel2/r-de-essn-brue-001.vlan508.txt,f086defd6e08a82c3e7581f149df3d2c0d55a53105a6885bbcb48e9f8a346e44,85736,features/enlinkd/tests/src/test/resources/linkd/nms0002ciscoalcatel2/r-de-essn-brue-001.vlan508.txt
nms0002ciscoalcatel2,r-de-essn-brue-001.vlan509.txt,nms0002ciscoalcatel2/r-de-essn-brue-001.vlan509.txt,b37521ce5214e59cb58e9ab8b053c30c7f90c772494cb9dca7b39fa3e032e2b4,76340,features/enlinkd/tests/src/test/resources/linkd/nms0002ciscoalcatel2/r-de-essn-brue-001.vlan509.txt
nms0002ciscoalcatel2,r-de-essn-brue-001.vlan510.txt,nms0002ciscoalcatel2/r-de-essn-brue-001.vlan510.txt,7866bbd125714ca134afa7ad2db3f2148c09019bc1dd4d5bb2d98156668e7d99,81262,features/enlinkd/tests/src/test/resources/linkd/nms0002ciscoalcatel2/r-de-essn-brue-001.vlan510.txt
nms0002ciscoalcatel2,r-de-essn-brue-001.vlan511.txt,nms0002ciscoalcatel2/r-de-essn-brue-001.vlan511.txt,695e41a667dcecd82893f35fce5986315fc9beaa9ca2845d1131cddcfa5b2b80,74659,features/enlinkd/tests/src/test/resources/linkd/nms0002ciscoalcatel2/r-de-essn-brue-001.vlan511.txt
nms0002ciscoalcatel2,r-de-essn-brue-001.vlan512.txt,nms0002ciscoalcatel2/r-de-essn-brue-001.vlan512.txt,b91229b0ca41812f81bbf780cc1238ab509dfab21811da518ecfbf1acb4dec6a,83461,features/enlinkd/tests/src/test/resources/linkd/nms0002ciscoalcatel2/r-de-essn-brue-001.vlan512.txt
nms0002ciscoalcatel2,r-de-essn-brue-001.vlan513.txt,nms0002ciscoalcatel2/r-de-essn-brue-001.vlan513.txt,7a200308047b79c1e2ebc8530a31027cf01f12a4801e6283b38e5eb891c97ba8,74659,features/enlinkd/tests/src/test/resources/linkd/nms0002ciscoalcatel2/r-de-essn-brue-001.vlan513.txt
nms0002ciscoalcatel2,r-de-essn-brue-001.vlan514.txt,nms0002ciscoalcatel2/r-de-essn-brue-001.vlan514.txt,96e8c2580f645d8a62f97769d4ea000a9a04ce4e17275f277635138ff6f1d9d2,77340,features/enlinkd/tests/src/test/resources/linkd/nms0002ciscoalcatel2/r-de-essn-brue-001.vlan514.txt
nms0002ciscoalcatel2,r-de-essn-brue-001.vlan515.txt,nms0002ciscoalcatel2/r-de-essn-brue-001.vlan515.txt,5b8eab2fcef5b7183eb6662ac8dec8cca2b2ccadcbfdd227d91ccaf7aa6796b3,74659,features/enlinkd/tests/src/test/resources/linkd/nms0002ciscoalcatel2/r-de-essn-brue-001.vlan515.txt
nms0002ciscoalcatel2,r-de-essn-brue-001.vlan516.txt,nms0002ciscoalcatel2/r-de-essn-brue-001.vlan516.txt,61f7f10e7199b470df3ca605d11592e87df507e29a85215674e502fd4b146925,82888,features/enlinkd/tests/src/test/resources/linkd/nms0002ciscoalcatel2/r-de-essn-brue-001.vlan516.txt
nms0002ciscoalcatel2,r-de-essn-brue-001.vlan517.txt,nms0002ciscoalcatel2/r-de-essn-brue-001.vlan517.txt,a1c2115f351a0f5478b941f5acb4839c75e9b2140da5249fabe0c3ae0d18c8f3,74659,features/enlinkd/tests/src/test/resources/linkd/nms0002ciscoalcatel2/r-de-essn-brue-001.vlan517.txt
nms0002ciscoalcatel2,r-de-essn-brue-001.vlan518.txt,nms0002ciscoalcatel2/r-de-essn-brue-001.vlan518.txt,5d6cfccec8c27a78b1ed67810fe9c1df895ffef015430bc826b1a5cf5084cab0,80303,features/enlinkd/tests/src/test/resources/linkd/nms0002ciscoalcatel2/r-de-essn-brue-001.vlan518.txt
nms0002ciscoalcatel2,r-de-essn-brue-001.vlan519.txt,nms0002ciscoalcatel2/r-de-essn-brue-001.vlan519.txt,d93ab0ce8c4ac779a971c90516ec12275d9eefddf2fd86aeb6613d43f732b80a,78025,features/enlinkd/tests/src/test/resources/linkd/nms0002ciscoalcatel2/r-de-essn-brue-001.vlan519.txt
nms0002ciscoalcatel2,r-de-essn-brue-001.vlan520.txt,nms0002ciscoalcatel2/r-de-essn-brue-001.vlan520.txt,9922ff87e6b3b832b6f3bc1bc5835a9d614b4eff3edbabcb737c70bdb46f1440,75501,features/enlinkd/tests/src/test/resources/linkd/nms0002ciscoalcatel2/r-de-essn-brue-001.vlan520.txt
nms0002ciscoalcatel2,r-de-essn-brue-001.vlan750.txt,nms0002ciscoalcatel2/r-de-essn-brue-001.vlan750.txt,64ab60bd0683c9e995064dfd48ca3b8bfa291e843f0381dfe3e0ca7c6f828c41,84793,features/enlinkd/tests/src/test/resources/linkd/nms0002ciscoalcatel2/r-de-essn-brue-001.vlan750.txt
nms0002ciscoalcatel2,r-de-essn-brue-001.vlan751.txt,nms0002ciscoalcatel2/r-de-essn-brue-001.vlan751.txt,02d95a4167c76455f8411df7bb041ec31a19e3ede35c98a995b004c5cd77df69,90341,features/enlinkd/tests/src/test/resources/linkd/nms0002ciscoalcatel2/r-de-essn-brue-001.vlan751.txt
nms0002ciscoalcatel2,r-de-essn-brue-001.vlan752.txt,nms0002ciscoalcatel2/r-de-essn-brue-001.vlan752.txt,d4f4878be0b65cc9962b1d316e0b456c3828b8d1af6e983fced27582d0022216,75650,features/enlinkd/tests/src/test/resources/linkd/nms0002ciscoalcatel2/r-de-essn-brue-001.vlan752.txt
nms0002ciscoalcatel2,r-de-essn-brue-001.vlan753.txt,nms0002ciscoalcatel2/r-de-essn-brue-001.vlan753.txt,7fe465550316e1de867964c8c1e6e27e745cc5f565161058a71bf0a86efd55aa,80017,features/enlinkd/tests/src/test/resources/linkd/nms0002ciscoalcatel2/r-de-essn-brue-001.vlan753.txt
nms0002ciscoalcatel2,r-de-essn-brue-001.vlan754.txt,nms0002ciscoalcatel2/r-de-essn-brue-001.vlan754.txt,e876f0ceb322e4b3a32235c7eb70a0c9de99d096a7d990a5995657613fb2ae4f,77208,features/enlinkd/tests/src/test/resources/linkd/nms0002ciscoalcatel2/r-de-essn-brue-001.vlan754.txt
nms0002ciscoalcatel2,r-de-essn-brue-001.vlan755.txt,nms0002ciscoalcatel2/r-de-essn-brue-001.vlan755.txt,f81cf86239a79c252b09d457cbb12077ce4faa2dace716b542b0b5cd3013c4d7,78238,features/enlinkd/tests/src/test/resources/linkd/nms0002ciscoalcatel2/r-de-essn-brue-001.vlan755.txt
nms0002ciscoalcatel2,r-de-essn-brue-001.vlan756.txt,nms0002ciscoalcatel2/r-de-essn-brue-001.vlan756.txt,3c4d815556321a3a7206a59fa8ebdf1284d89330db07661cc7c6a5b6f3de7e38,75847,features/enlinkd/tests/src/test/resources/linkd/nms0002ciscoalcatel2/r-de-essn-brue-001.vlan756.txt
nms0002ciscoalcatel2,r-de-essn-brue-001.vlan757.txt,nms0002ciscoalcatel2/r-de-essn-brue-001.vlan757.txt,e4b9e776532fc9a4672ea158a7856a03e1379029402025d93fc29e3ac8897332,78047,features/enlinkd/tests/src/test/resources/linkd/nms0002ciscoalcatel2/r-de-essn-brue-001.vlan757.txt
nms0002ciscoalcatel2,r-de-essn-brue-001.vlan758.txt,nms0002ciscoalcatel2/r-de-essn-brue-001.vlan758.txt,268c1f203ccd111271e52d3d4ac8c16057ff36e803ae8f0a90fa4894022063ab,78384,features/enlinkd/tests/src/test/resources/linkd/nms0002ciscoalcatel2/r-de-essn-brue-001.vlan758.txt
nms0002ciscoalcatel2,r-de-essn-brue-001.vlan760.txt,nms0002ciscoalcatel2/r-de-essn-brue-001.vlan760.txt,93fc3674dc3fdf4ad2000f3e1504f0d3351ef1f582d610edeefa200ead9e07cd,74853,features/enlinkd/tests/src/test/resources/linkd/nms0002ciscoalcatel2/r-de-essn-brue-001.vlan760.txt
nms0002ciscoalcatel2,r-de-essn-brue-001.vlan800.txt,nms0002ciscoalcatel2/r-de-essn-brue-001.vlan800.txt,0bdfbc6d0fff694fe8cefd7c97d8b477f5299dec8470eccad7e8f2693e92bf22,74850,features/enlinkd/tests/src/test/resources/linkd/nms0002ciscoalcatel2/r-de-essn-brue-001.vlan800.txt
nms0002ciscoalcatel2,r-de-essn-brue-001.vlan801.txt,nms0002ciscoalcatel2/r-de-essn-brue-001.vlan801.txt,a6a71a744e6bae25f8e8afc1b309825a15953fc94fd0911202c6bc2f8a0b8a41,73533,features/enlinkd/tests/src/test/resources/linkd/nms0002ciscoalcatel2/r-de-essn-brue-001.vlan801.txt
nms0002ciscoalcatel2,r-de-essn-brue-001.vlan850.txt,nms0002ciscoalcatel2/r-de-essn-brue-001.vlan850.txt,5f34cc325f9030817e85e003e9ac13494fe1eb5af976e06a27f210effabda126,77203,features/enlinkd/tests/src/test/resources/linkd/nms0002ciscoalcatel2/r-de-essn-brue-001.vlan850.txt
nms0002ciscoalcatel2,r-de-essn-brue-001.vlan851.txt,nms0002ciscoalcatel2/r-de-essn-brue-001.vlan851.txt,ca2ba1034ca0067853951d06d1537682308986ac0c8e8b364465c5d5e4fb5814,78883,features/enlinkd/tests/src/test/resources/linkd/nms0002ciscoalcatel2/r-de-essn-brue-001.vlan851.txt
nms0002ciscoalcatel2,r-de-essn-brue-001.vlan852.txt,nms0002ciscoalcatel2/r-de-essn-brue-001.vlan852.txt,dab3703d90031f934edcb73741357f134dc5447a9ccdd7a15b037a7d48d77351,73533,features/enlinkd/tests/src/test/resources/linkd/nms0002ciscoalcatel2/r-de-essn-brue-001.vlan852.txt
nms0002ciscoalcatel2,r-de-essn-brue-001.vlan900.txt,nms0002ciscoalcatel2/r-de-essn-brue-001.vlan900.txt,b2273bcb60ea9df07839fc21b222ffcd63c1b5b8179a29cd01ae7efdf4fab893,111133,features/enlinkd/tests/src/test/resources/linkd/nms0002ciscoalcatel2/r-de-essn-brue-001.vlan900.txt
nms0002ciscoalcatel2,r-de-essn-brue-001.vlan950.txt,nms0002ciscoalcatel2/r-de-essn-brue-001.vlan950.txt,5077326b8ad3bbc242e3cabceb22dffd2043c576655a4a67d57317119956728a,103165,features/enlinkd/tests/src/test/resources/linkd/nms0002ciscoalcatel2/r-de-essn-brue-001.vlan950.txt
nms0002ciscoalcatel2,r-de-essn-brue-001.vlan951.txt,nms0002ciscoalcatel2/r-de-essn-brue-001.vlan951.txt,cec9cfd3b0a06d0f9be08909e6c91cea35e7c2b658a36b377f984aeee46f1091,98458,features/enlinkd/tests/src/test/resources/linkd/nms0002ciscoalcatel2/r-de-essn-brue-001.vlan951.txt
nms0002ciscoalcatel2,r-de-essn-brue-001.vlan952.txt,nms0002ciscoalcatel2/r-de-essn-brue-001.vlan952.txt,cdc510b1daa1a11fa29ca69b69ad16d382eebb0a7b7b0ddbb7ddf276f9eefbad,99339,features/enlinkd/tests/src/test/resources/linkd/nms0002ciscoalcatel2/r-de-essn-brue-001.vlan952.txt
nms0002ciscoalcatel2,r-de-essn-brue-001.vlan953.txt,nms0002ciscoalcatel2/r-de-essn-brue-001.vlan953.txt,6758169095900a3d91c28d7c5198bd557bf808746cfa42fb7c740ab1d56a02f9,120895,features/enlinkd/tests/src/test/resources/linkd/nms0002ciscoalcatel2/r-de-essn-brue-001.vlan953.txt
nms0002ciscoalcatel2,r-de-essn-brue-001.vlan954.txt,nms0002ciscoalcatel2/r-de-essn-brue-001.vlan954.txt,d93d05d507b13510a214db2c935e7da4f7cbf94ef4b145ee6530f1ecadb91dee,106880,features/enlinkd/tests/src/test/resources/linkd/nms0002ciscoalcatel2/r-de-essn-brue-001.vlan954.txt
nms0002ciscoalcatel2,r-de-essn-brue-001.vlan955.txt,nms0002ciscoalcatel2/r-de-essn-brue-001.vlan955.txt,64d2b8862dcfa1b1272263b82f97efdebcc18fb1e015979077fd9ec0d1f7201d,89649,features/enlinkd/tests/src/test/resources/linkd/nms0002ciscoalcatel2/r-de-essn-brue-001.vlan955.txt
nms0002ciscoalcatel2,r-de-essn-brue-001.vlan956.txt,nms0002ciscoalcatel2/r-de-essn-brue-001.vlan956.txt,be873864e795cbf67b2df99f58037dd6b2e1ea0952dd7c9a871a443e5d254da6,83009,features/enlinkd/tests/src/test/resources/linkd/nms0002ciscoalcatel2/r-de-essn-brue-001.vlan956.txt
nms0002ciscoalcatel2,r-de-essn-brue-001.vlan957.txt,nms0002ciscoalcatel2/r-de-essn-brue-001.vlan957.txt,04fc0bd9671d0709877f4fb878fe4dfb57237a4e2b6365be903c114c0dd04f40,74659,features/enlinkd/tests/src/test/resources/linkd/nms0002ciscoalcatel2/r-de-essn-brue-001.vlan957.txt
nms0002ciscoalcatel2,r-de-essn-brue-001.vlan958.txt,nms0002ciscoalcatel2/r-de-essn-brue-001.vlan958.txt,2015aedcefc1dfa4270237f6759dd0cc0020b69c6ca4b439e94e8391abe79765,116074,features/enlinkd/tests/src/test/resources/linkd/nms0002ciscoalcatel2/r-de-essn-brue-001.vlan958.txt
nms0002ciscoalcatel2,r-de-essn-brue-001.vlan959.txt,nms0002ciscoalcatel2/r-de-essn-brue-001.vlan959.txt,a836d7dc15529b4c970745d08088396fbf4176033a92539da5b2c3a89706d55d,79374,features/enlinkd/tests/src/test/resources/linkd/nms0002ciscoalcatel2/r-de-essn-brue-001.vlan959.txt
nms0002ciscoalcatel2,r-de-essn-brue-001.vlan960.txt,nms0002ciscoalcatel2/r-de-essn-brue-001.vlan960.txt,4d1087bd83b85e5230bde0e851b6b41bb19388a357de5f866a9fde0946631ea4,92962,features/enlinkd/tests/src/test/resources/linkd/nms0002ciscoalcatel2/r-de-essn-brue-001.vlan960.txt
nms0002ciscoalcatel2,r-de-essn-brue-001.vlan961.txt,nms0002ciscoalcatel2/r-de-essn-brue-001.vlan961.txt,5ecbb484078e13ac7580ff46f28e89bd209b1e854f0de9f063487c27fe355d39,74659,features/enlinkd/tests/src/test/resources/linkd/nms0002ciscoalcatel2/r-de-essn-brue-001.vlan961.txt
nms0002ciscoalcatel2,r-de-essn-brue-001.vlan962.txt,nms0002ciscoalcatel2/r-de-essn-brue-001.vlan962.txt,3e26e7dada402172c7bc11f929806ffeb65ce4a2291d041efb6971cfde93b88e,100216,features/enlinkd/tests/src/test/resources/linkd/nms0002ciscoalcatel2/r-de-essn-brue-001.vlan962.txt
nms0002ciscoalcatel2,r-de-essn-brue-001.vlan963.txt,nms0002ciscoalcatel2/r-de-essn-brue-001.vlan963.txt,707b2e951a48b515c01d3f61c12a40b524ccf986b7c51d4872f6722355ccdd1d,74659,features/enlinkd/tests/src/test/resources/linkd/nms0002ciscoalcatel2/r-de-essn-brue-001.vlan963.txt
nms0002ciscoalcatel2,r-de-essn-brue-001.vlan964.txt,nms0002ciscoalcatel2/r-de-essn-brue-001.vlan964.txt,0e63b2f1fdede8aa36374feb8fedf7b40baa0bb15e4eb039106ae0b2a1c33d93,82069,features/enlinkd/tests/src/test/resources/linkd/nms0002ciscoalcatel2/r-de-essn-brue-001.vlan964.txt
nms0002ciscoalcatel2,r-de-essn-brue-001.vlan965.txt,nms0002ciscoalcatel2/r-de-essn-brue-001.vlan965.txt,f7f22469f97fd7f30173274d99425e53e34403c772afba41604304c4ac12fa0c,74659,features/enlinkd/tests/src/test/resources/linkd/nms0002ciscoalcatel2/r-de-essn-brue-001.vlan965.txt
nms0002ciscoalcatel2,r-de-essn-brue-001.vlan966.txt,nms0002ciscoalcatel2/r-de-essn-brue-001.vlan966.txt,2e2273f5bada1124cdc5e2a5d9e8ea573b051a7959f5b27be75c74e48864df4b,94322,features/enlinkd/tests/src/test/resources/linkd/nms0002ciscoalcatel2/r-de-essn-brue-001.vlan966.txt
nms0002ciscoalcatel2,r-de-essn-brue-001.vlan967.txt,nms0002ciscoalcatel2/r-de-essn-brue-001.vlan967.txt,4a066a18303d280a6a913efee9f22569ee09e6db337bbf02b9385631dbbb00f4,74659,features/enlinkd/tests/src/test/resources/linkd/nms0002ciscoalcatel2/r-de-essn-brue-001.vlan967.txt
nms0002ciscoalcatel2,r-de-essn-brue-001.vlan968.txt,nms0002ciscoalcatel2/r-de-essn-brue-001.vlan968.txt,1c0db02a29901f1863f4cd2b66a37d869cf484b7d46f5c6819e95f7940c958c6,92120,features/enlinkd/tests/src/test/resources/linkd/nms0002ciscoalcatel2/r-de-essn-brue-001.vlan968.txt
nms0002ciscoalcatel2,r-de-essn-brue-001.vlan969.txt,nms0002ciscoalcatel2/r-de-essn-brue-001.vlan969.txt,2268707a42185eb0de838f6968372c68bbbe8c38e3e3dadf0f3639753762a899,74659,features/enlinkd/tests/src/test/resources/linkd/nms0002ciscoalcatel2/r-de-essn-brue-001.vlan969.txt
nms0002ciscoalcatel2,r-de-essn-brue-001.vlan970.txt,nms0002ciscoalcatel2/r-de-essn-brue-001.vlan970.txt,ca43768e986d622f60839c5350afc6c202a479da77a16d52f46651d850b1bd5d,80221,features/enlinkd/tests/src/test/resources/linkd/nms0002ciscoalcatel2/r-de-essn-brue-001.vlan970.txt
nms0002ciscoalcatel2,r-de-essn-brue-001.vlan979.txt,nms0002ciscoalcatel2/r-de-essn-brue-001.vlan979.txt,1da25c10488350bb398afde13431d8d86639d24457932dc3436f39aaa23140ab,168301,features/enlinkd/tests/src/test/resources/linkd/nms0002ciscoalcatel2/r-de-essn-brue-001.vlan979.txt
nms0002ciscoalcatel2,s-de-essn-brue-081.txt,nms0002ciscoalcatel2/s-de-essn-brue-081.txt,8dafb04896acb286de99f10a779de26829558fec921f2ad32b1b3972f83da80d,1744199,features/enlinkd/tests/src/test/resources/linkd/nms0002ciscoalcatel2/s-de-essn-brue-081.txt
nms0002ciscoalcatel2,s-de-essn-brue-121.txt,nms0002ciscoalcatel2/s-de-essn-brue-121.txt,7804dd14a34208b4cfac458071d4c0bc61643ee5bdd881028c01e648b31edeeb,1862652,features/enlinkd/tests/src/test/resources/linkd/nms0002ciscoalcatel2/s-de-essn-brue-121.txt
nms0002ciscoalcatel2,s-de-essn-brue-142.txt,nms0002ciscoalcatel2/s-de-essn-brue-142.txt,2ed9cec26c38f14c4ca71101d2632859733f3ac3522b8a933fb7bc333c2d2dd0,2025861,features/enlinkd/tests/src/test/resources/linkd/nms0002ciscoalcatel2/s-de-essn-brue-142.txt
nms0002ciscoalcatel2,s-de-essn-brue-165.txt,nms0002ciscoalcatel2/s-de-essn-brue-165.txt,18fcdebb27496b2b33b494e665286c47205929ec90fc09c06cc2b9af4562fa45,2233090,features/enlinkd/tests/src/test/resources/linkd/nms0002ciscoalcatel2/s-de-essn-brue-165.txt
nms0002ciscojuniper,r-de-juet-luck-001.txt,nms0002ciscojuniper/r-de-juet-luck-001.txt,da414fee78f3e5e11ec6b71c1f7561818c0672ccdbc4c362340628f9ecfcd072,679995,features/enlinkd/tests/src/test/resources/linkd/nms0002ciscojuniper/r-de-juet-luck-001.txt
nms0002ciscojuniper,s-de-juet-luck-001.txt,nms0002ciscojuniper/s-de-juet-luck-001.txt,776e8b856e2b380969af8fb94de8640ea5344d8018393ec933e8caeade643bc2,2423131,features/enlinkd/tests/src/test/resources/linkd/nms0002ciscojuniper/s-de-juet-luck-001.txt
nms0002ciscojuniper,s-de-juet-luck-001.vlan100.txt,nms0002ciscojuniper/s-de-juet-luck-001.vlan100.txt,481378beed100bf611ee2c96db1bf700acd65be6e0489f17a364268686c91fc5,30129,features/enlinkd/tests/src/test/resources/linkd/nms0002ciscojuniper/s-de-juet-luck-001.vlan100.txt
nms0002ciscojuniper,s-de-juet-luck-001.vlan950.txt,nms0002ciscojuniper/s-de-juet-luck-001.vlan950.txt,f6bc22701fa4d1660204c9c629f8e9f6576ccc2458d1e6b931b36eadc1fc4827,38219,features/enlinkd/tests/src/test/resources/linkd/nms0002ciscojuniper/s-de-juet-luck-001.vlan950.txt
nms003,switch1-walk.txt,nms003/switch1-walk.txt,bd204b08409f0e7582b0f8575a7d8ab8d7f1cd4450e8a93a62fb9e9a99558f97,5928,features/enlinkd/tests/src/test/resources/linkd/nms003/switch1-walk.txt
nms003,switch2-walk.txt,nms003/switch2-walk.txt,4a5abda6b2d0532f50fdb4d5e83943fc51f0e9bd3cfd904ce1b518f5c8e6199f,5423,features/enlinkd/tests/src/test/resources/linkd/nms003/switch2-walk.txt
nms003,switch3-walk.txt,nms003/switch3-walk.txt,6e2f94f690e5b245cc0b263763b58ecb0674334e0e7c96e046d702d0cd2306f0,5042,features/enlinkd/tests/src/test/resources/linkd/nms003/switch3-walk.txt
nms007,mib2_192.168.168.170.txt,nms007/mib2_192.168.168.170.txt,bd4c7766a56958d24b18fd5666e96ac9fd4e2ad20bd4347d90ee58d4f8f36990,277476,features/enlinkd/tests/src/test/resources/linkd/nms007/mib2_192.168.168.170.txt
nms007,mib2_192.168.168.171.txt,nms007/mib2_192.168.168.171.txt,55d3d9a72aaaa3e12349918624cfd19e111f9e7bb3fabeee1605f47049059176,298379,features/enlinkd/tests/src/test/resources/linkd/nms007/mib2_192.168.168.171.txt
nms007,mib2_192.168.168.172.txt,nms007/mib2_192.168.168.172.txt,26f744078e9c2821fd0ee2818e3dbb8cd3fd22d6035f1017c01d890f981f53ec,265886,features/enlinkd/tests/src/test/resources/linkd/nms007/mib2_192.168.168.172.txt
nms007,mib2_192.168.168.173.txt,nms007/mib2_192.168.168.173.txt,599199de64e02c001eb3af277ca08c5e6382f65cd1ee38da23768ac44abe1057,327694,features/enlinkd/tests/src/test/resources/linkd/nms007/mib2_192.168.168.173.txt
nms007,mib2_192.168.168.174.txt,nms007/mib2_192.168.168.174.txt,3c72510dc078a169d73cb869dfda27722b2a6e095db275b7d38caaf0c7df6d70,264435,features/enlinkd/tests/src/test/resources/linkd/nms007/mib2_192.168.168.174.txt
nms007,mib2_192.168.168.175.txt,nms007/mib2_192.168.168.175.txt,b2a834f5daad3d12bfe267bcf6d205d0f3cb86660d9f4646693abc01084d3871,303658,features/enlinkd/tests/src/test/resources/linkd/nms007/mib2_192.168.168.175.txt
nms007,mib2_192.168.168.176.txt,nms007/mib2_192.168.168.176.txt,4cfa00b39337e2224cc11e04714e8c188f6a28738cfc59be8dfe6ba70f2c5831,326802,features/enlinkd/tests/src/test/resources/linkd/nms007/mib2_192.168.168.176.txt
nms007,mib2_192.168.168.177.txt,nms007/mib2_192.168.168.177.txt,75a6f82f274cf2490c4594895408d9747fb385fc72613d12af17f8a148738f3c,264405,features/enlinkd/tests/src/test/resources/linkd/nms007/mib2_192.168.168.177.txt
nms007,mib2_192.168.168.189.txt,nms007/mib2_192.168.168.189.txt,37dd87a548be71deb57eec8b9ae26aed8cd9c30ba66ba8ec9ca6a05dd28cb191,297635,features/enlinkd/tests/src/test/resources/linkd/nms007/mib2_192.168.168.189.txt
nms0123,ITPN0111.txt,nms0123/ITPN0111.txt,f7404e98f69d500fb2b4ce421027ff04a2edab0733698a1629c533fe8fc02bae,33423,features/enlinkd/tests/src/test/resources/linkd/nms0123/ITPN0111.txt
nms0123,ITPN0112.txt,nms0123/ITPN0112.txt,007ed6afc7e7ee09925a2f84ccbbd2504bed57dd8b8b25dee8c855941118b10d,28258,features/enlinkd/tests/src/test/resources/linkd/nms0123/ITPN0112.txt
nms0123,ITPN0113.txt,nms0123/ITPN0113.txt,d48a7dc8c5efa356f879a362fe652b947563074d598c8f364bbb97fc5d561462,30442,features/enlinkd/tests/src/test/resources/linkd/nms0123/ITPN0113.txt
nms0123,ITPN0114.txt,nms0123/ITPN0114.txt,08215d1e1787322d5a6cb513e6450bf37c9ca477cf8d44c80042405937a2f86f,28651,features/enlinkd/tests/src/test/resources/linkd/nms0123/ITPN0114.txt
nms0123,ITPN0121.txt,nms0123/ITPN0121.txt,2daf2995690cf1b3b61028cc1394cea1eee21e4b307f79e1c88745e4f4cdcc81,26795,features/enlinkd/tests/src/test/resources/linkd/nms0123/ITPN0121.txt
nms0123,ITPN0123.txt,nms0123/ITPN0123.txt,726034bcb7d20a7e250959551d13c4a693a7988fdd0cfe8f8e398350cce99da8,27469,features/enlinkd/tests/src/test/resources/linkd/nms0123/ITPN0123.txt
nms0123,ITPN0201.txt,nms0123/ITPN0201.txt,f9da1ad6216846c13b73e347425422e66b776b98d8f7542edfebd99500a47772,33962,features/enlinkd/tests/src/test/resources/linkd/nms0123/ITPN0201.txt
nms0123,ITPN0202.txt,nms0123/ITPN0202.txt,d7c872245c9f813e94aeb13571e5f9aaa984186e5e79b2db18f21c2e1217098e,28557,features/enlinkd/tests/src/test/resources/linkd/nms0123/ITPN0202.txt
nms101,cisco1700.properties,nms101/cisco1700.properties,9a5626584c7d238ea661ff7c81ab3acb511d3dbcf591bac8453c36b64fff684f,391492,features/enlinkd/tests/src/test/resources/linkd/nms101/cisco1700.properties
nms101,cisco1700b.properties,nms101/cisco1700b.properties,3dcd82d7bd8b708178e1d849edc6bfc17d6e1a7055866cf0871db7b340fffa6e,391492,features/enlinkd/tests/src/test/resources/linkd/nms101/cisco1700b.properties
nms101,cisco2691.properties,nms101/cisco2691.properties,bd37293df166c63521fb461c97a13705317e384d72c30fa33ac30327f155f85c,669719,features/enlinkd/tests/src/test/resources/linkd/nms101/cisco2691.properties
nms101,cisco3600.properties,nms101/cisco3600.properties,863d8c6637161f068d1190af7c6909d7681896e50975b3b5101ad051c979c1eb,233547,features/enlinkd/tests/src/test/resources/linkd/nms101/cisco3600.properties
nms101,cisco3700.properties,nms101/cisco3700.properties,6e4ff69ba08f496a23e6aa0fa1303211c212818f77ab3968ce3df9c2d307b054,683101,features/enlinkd/tests/src/test/resources/linkd/nms101/cisco3700.properties
nms101,cisco7200a.properties,nms101/cisco7200a.properties,51a8543eef3ddc0cadf6afe9e254a8b3bc12956384f72001675267088ae43f70,1131646,features/enlinkd/tests/src/test/resources/linkd/nms101/cisco7200a.properties
nms101,cisco7200b.properties,nms101/cisco7200b.properties,2e03b739dfd5c1de4b72bf8d6a3bb291bcf1bf802b715b18762e8ab08a8821f2,1365459,features/enlinkd/tests/src/test/resources/linkd/nms101/cisco7200b.properties
nms101,laptop.properties,nms101/laptop.properties,fe0e77cf4bdf1c9e072f79cbbeb0195dc27d678c564f247e8921a7056dca7387,179484,features/enlinkd/tests/src/test/resources/linkd/nms101/laptop.properties
nms102,mac-192.168.0.16-walk.txt,nms102/mac-192.168.0.16-walk.txt,c7322ac5dbe85b6d989b4483ab49e3a98247a6312945d0d253d88c58dcd1b975,295989,features/enlinkd/tests/src/test/resources/linkd/nms102/mac-192.168.0.16-walk.txt
nms102,mac-192.168.0.17-walk.txt,nms102/mac-192.168.0.17-walk.txt,5170331685b37571298b035334e56cf9bb486b53fc8d641c19b4cb697b0c1a7b,47634,features/enlinkd/tests/src/test/resources/linkd/nms102/mac-192.168.0.17-walk.txt
nms102,mikrotik-192.168.0.1-walk.txt,nms102/mikrotik-192.168.0.1-walk.txt,6bf82072fc9fa400cfaf8b66374ef588068c7bd5e56803f69b660b0c51074551,24638,features/enlinkd/tests/src/test/resources/linkd/nms102/mikrotik-192.168.0.1-walk.txt
nms102,samsung-192.168.0.14-walk.txt,nms102/samsung-192.168.0.14-walk.txt,87df577b655757414ea31e4dbae98f1d30fbed79996cc3b8f115e0d550c5539d,103776,features/enlinkd/tests/src/test/resources/linkd/nms102/samsung-192.168.0.14-walk.txt
nms10205,Bagmane_10.205.56.20.txt,nms10205/Bagmane_10.205.56.20.txt,193e6c8f7cb6da4de9f8c4d87da90074c9d55ac04419136400f0a02a6ccda4cd,476385,features/enlinkd/tests/src/test/resources/linkd/nms10205/Bagmane_10.205.56.20.txt
nms10205,Bangalore_10.205.56.9.txt,nms10205/Bangalore_10.205.56.9.txt,6228a792545a948e2f4512233051199e5f0fb8f8af286fbe51a3563fc8e5ca59,440960,features/enlinkd/tests/src/test/resources/linkd/nms10205/Bangalore_10.205.56.9.txt
nms10205,Chennai_10.205.56.6.txt,nms10205/Chennai_10.205.56.6.txt,10dc4992078a91fba8010ea9a0bcb225e4e5f94ab351e51871d1f9bbb784d4e5,596671,features/enlinkd/tests/src/test/resources/linkd/nms10205/Chennai_10.205.56.6.txt
nms10205,Delhi_10.205.56.7.txt,nms10205/Delhi_10.205.56.7.txt,20fc8130910df4892a41b6082b839e9eb780d5a23d7bbb39cc2a181d74c4d959,475282,features/enlinkd/tests/src/test/resources/linkd/nms10205/Delhi_10.205.56.7.txt
nms10205,J6350-41_10.205.56.41.txt,nms10205/J6350-41_10.205.56.41.txt,42e7e9c30a0015053cfe7c94570ff4d7c1045c24e4c2e319bd8eb385cc5ad149,228922,features/enlinkd/tests/src/test/resources/linkd/nms10205/J6350-41_10.205.56.41.txt
nms10205,J6350-42_10.205.56.42.txt,nms10205/J6350-42_10.205.56.42.txt,23aa4ff12a4c8a28eb2c8318fa0692a404da9fb742869a9e5ed822707db030e0,210611,features/enlinkd/tests/src/test/resources/linkd/nms10205/J6350-42_10.205.56.42.txt
nms10205,Mumbai_10.205.56.5.txt,nms10205/Mumbai_10.205.56.5.txt,d7319a68a9d281fc322669daf3ffdbd18e069165bff00ec11702e774ddca3bf3,442664,features/enlinkd/tests/src/test/resources/linkd/nms10205/Mumbai_10.205.56.5.txt
nms10205,Mysore_10.205.56.22.txt,nms10205/Mysore_10.205.56.22.txt,ff2353a447644061eea63701f815c48ca206896f96c1bd225fae7ee537d405ba,381826,features/enlinkd/tests/src/test/resources/linkd/nms10205/Mysore_10.205.56.22.txt
nms10205,SRX-100_10.205.56.23.txt,nms10205/SRX-100_10.205.56.23.txt,259e2e4205faea5e9d7b4deebb464d1c72a778f4a60cf21ba26d8c58e3ce2774,255754,features/enlinkd/tests/src/test/resources/linkd/nms10205/SRX-100_10.205.56.23.txt
nms10205,SSG550_10.205.35.100.txt,nms10205/SSG550_10.205.35.100.txt,b1e71385d0a607948d650d486176e058f8465576f2110dccd159d92aa1b069ee,50023,features/enlinkd/tests/src/test/resources/linkd/nms10205/SSG550_10.205.35.100.txt
nms10205,Space-EX-SW1_10.205.56.1.txt,nms10205/Space-EX-SW1_10.205.56.1.txt,b8a8723cc6249ec159a88a25ee619a318dceb46cdbf97d4381b97048249d8619,400341,features/enlinkd/tests/src/test/resources/linkd/nms10205/Space-EX-SW1_10.205.56.1.txt
nms10205,Space-EX-SW2_10.205.56.2.txt,nms10205/Space-EX-SW2_10.205.56.2.txt,67531641f823641cd625c22dc6007b2f2e6714e09e430cfffb0e8920ee053811,449547,features/enlinkd/tests/src/test/resources/linkd/nms10205/Space-EX-SW2_10.205.56.2.txt
nms10205b,Bagmane_10.205.56.20.txt,nms10205b/Bagmane_10.205.56.20.txt,00af948455e1dcb0211172379b827291883d113d5b12a2186560fecb74af7002,489338,features/enlinkd/tests/src/test/resources/linkd/nms10205b/Bagmane_10.205.56.20.txt
nms10205b,Bangalore_10.205.56.9.txt,nms10205b/Bangalore_10.205.56.9.txt,652bba0ac2b82a94b5fa1f7a8143a1bb569526266eae1369aa7339bed8422c6d,427539,features/enlinkd/tests/src/test/resources/linkd/nms10205b/Bangalore_10.205.56.9.txt
nms10205b,Delhi_10.205.56.7.txt,nms10205b/Delhi_10.205.56.7.txt,1ebcc30d3e147ed9778682373863165e48a1a4dfb5dd4fd040f90e5ee37eee7b,555815,features/enlinkd/tests/src/test/resources/linkd/nms10205b/Delhi_10.205.56.7.txt
nms10205b,J6350-42_10.205.56.42.txt,nms10205b/J6350-42_10.205.56.42.txt,3708709822fcae6e8c71a91ac7a40cf34caea666e6cec0fd55c9aec65aa3da99,253757,features/enlinkd/tests/src/test/resources/linkd/nms10205b/J6350-42_10.205.56.42.txt
nms10205b,Mumbai_10.205.56.5.txt,nms10205b/Mumbai_10.205.56.5.txt,1d98c4d28afd4af6bc0ae94562952045be0b2f6eecd98b6251d3e0a71564dff9,452735,features/enlinkd/tests/src/test/resources/linkd/nms10205b/Mumbai_10.205.56.5.txt
nms10205b,Mysore_10.205.56.22.txt,nms10205b/Mysore_10.205.56.22.txt,a22797c8ce05ddbd7449073c7de4ed2b0d84fcaa15ef26701b680f3b4095449f,400316,features/enlinkd/tests/src/test/resources/linkd/nms10205b/Mysore_10.205.56.22.txt
nms10205b,SRX-100_10.205.56.23.txt,nms10205b/SRX-100_10.205.56.23.txt,d8bc407110261adba81a04c3ff1b11110a2501f17ad7bbc69a29e7b7eb4974f8,266758,features/enlinkd/tests/src/test/resources/linkd/nms10205b/SRX-100_10.205.56.23.txt
nms10205b,Space-EX-SW1_10.205.56.1.txt,nms10205b/Space-EX-SW1_10.205.56.1.txt,cf90e2dab71a16e4161a1cb9153e5422ababfa126ff9a021b235b5c15b588d9c,420463,features/enlinkd/tests/src/test/resources/linkd/nms10205b/Space-EX-SW1_10.205.56.1.txt
nms10205b,Space-EX-SW2_10.205.56.2.txt,nms10205b/Space-EX-SW2_10.205.56.2.txt,ef87f321691e713c2eb84ecb4e1ee5a37d126ebf08b8dca8b7b8da7ae625ee0f,446171,features/enlinkd/tests/src/test/resources/linkd/nms10205b/Space-EX-SW2_10.205.56.2.txt
nms1055,Austin_10.155.69.43.txt,nms1055/Austin_10.155.69.43.txt,d838bde77ade8334bb4139d49e252c7b8a24f2f0968a4dd26de638f7b0ca0ce3,488752,features/enlinkd/tests/src/test/resources/linkd/nms1055/Austin_10.155.69.43.txt
nms1055,Riovista-ce_10.155.69.107.txt,nms1055/Riovista-ce_10.155.69.107.txt,061a28143887f534bc7f9a739181e8cce8128ac461fc4b45309d67daeae20728,398217,features/enlinkd/tests/src/test/resources/linkd/nms1055/Riovista-ce_10.155.69.107.txt
nms1055,delaware_10.155.69.17.txt,nms1055/delaware_10.155.69.17.txt,0af603a47884de12861833a9dbbdb6d34a9bcb25ee23aee88f9b45b31b7da47c,872959,features/enlinkd/tests/src/test/resources/linkd/nms1055/delaware_10.155.69.17.txt
nms1055,penrose-mx480_10.155.69.16.txt,nms1055/penrose-mx480_10.155.69.16.txt,e377448ad98b4ed094631e6ac2f51ad7af246cb91a7cf07264c180e73c018fa8,506543,features/enlinkd/tests/src/test/resources/linkd/nms1055/penrose-mx480_10.155.69.16.txt
nms1055,phoenix-mx80_10.155.69.42.txt,nms1055/phoenix-mx80_10.155.69.42.txt,556133759ccbb001d99a9ba15f8087c76bde943a9044b5b1ecf92253c57e8bdb,557530,features/enlinkd/tests/src/test/resources/linkd/nms1055/phoenix-mx80_10.155.69.42.txt
nms1055,sanjose-mx240_10.155.69.12.txt,nms1055/sanjose-mx240_10.155.69.12.txt,831a5823b108003f45f121f9528804a529639765ca792497b84c24bcc3de06f9,508714,features/enlinkd/tests/src/test/resources/linkd/nms1055/sanjose-mx240_10.155.69.12.txt
nms13593,srv001-walk.txt,nms13593/srv001-walk.txt,ee70a6df149f1ada298824eac17cbf87da67c0f0b389e445710aaf189b5b81d7,483884,features/enlinkd/tests/src/test/resources/linkd/nms13593/srv001-walk.txt
nms13593,srv002-walk.txt,nms13593/srv002-walk.txt,e779fa08bee4a463aebfc02bfd07974661d5e56fcd68cc9aa40b6267199e24ac,485441,features/enlinkd/tests/src/test/resources/linkd/nms13593/srv002-walk.txt
nms13637,router-1-walk.txt,nms13637/router-1-walk.txt,e59168e681eec07ea07355e16b14cff22dafb8f7f35a3760771ddd654ec203d7,49967,features/enlinkd/tests/src/test/resources/linkd/nms13637/router-1-walk.txt
nms13637,router-2-walk.txt,nms13637/router-2-walk.txt,709227ccce78efeb9581bba4711f8c4f9c7b1118a419371b82981351a0106b6e,49967,features/enlinkd/tests/src/test/resources/linkd/nms13637/router-2-walk.txt
nms13637,router-3-walk.txt,nms13637/router-3-walk.txt,997c1cbbe6126ccdccd7c07aef6eee732f50d908a22aa24f6e15a5c1817b97f9,82539,features/enlinkd/tests/src/test/resources/linkd/nms13637/router-3-walk.txt
nms13637,sw01-office-walk.txt,nms13637/sw01-office-walk.txt,bde096285933e7e8708eb8dda28451a114933510a29797a37a7f0685eaeb651d,46583,features/enlinkd/tests/src/test/resources/linkd/nms13637/sw01-office-walk.txt
nms13923,srv005.txt,nms13923/srv005.txt,d39bef32014d049307faff581751005476372701127238f74cb74cdd0d09f2e7,89399,features/enlinkd/tests/src/test/resources/linkd/nms13923/srv005.txt
nms17216,router1-walk.txt,nms17216/router1-walk.txt,e7a4693490120640f9834087259bb712e36a1dfd2d5f4e1bb0772d4156fbb066,1678270,features/enlinkd/tests/src/test/resources/linkd/nms17216/router1-walk.txt
nms17216,router2-walk.txt,nms17216/router2-walk.txt,09f81be930db9cb7c3802ca77f10d7d8cedc7b94fab582874efd9dde92e8d397,1902103,features/enlinkd/tests/src/test/resources/linkd/nms17216/router2-walk.txt
nms17216,router3-walk.txt,nms17216/router3-walk.txt,7a87085cb3f0aec17089e1249c3376f1e0f05856fbc15be13f4f0032af2173bb,1894257,features/enlinkd/tests/src/test/resources/linkd/nms17216/router3-walk.txt
nms17216,router4-walk.txt,nms17216/router4-walk.txt,61004270329da2fb89484adcdd6a172b50e0de9fb580f298d66cf25c69a3daea,1726047,features/enlinkd/tests/src/test/resources/linkd/nms17216/router4-walk.txt
nms17216,switch1-walk.txt,nms17216/switch1-walk.txt,bf1736e55e9043eadb361b17b463465dd301e88c0b8bbcb35aebd310ad2783ee,1753293,features/enlinkd/tests/src/test/resources/linkd/nms17216/switch1-walk.txt
nms17216,switch2-walk.txt,nms17216/switch2-walk.txt,fdc284dcec08f37d67075e638d996ec9fb59d93e508560577b1c0d662403a72f,1511782,features/enlinkd/tests/src/test/resources/linkd/nms17216/switch2-walk.txt
nms17216,switch3-walk.txt,nms17216/switch3-walk.txt,00c765614456bc796f00f92a1a3bc58f4ff96c674b33c8984383fa0cb1a2c8c9,1410819,features/enlinkd/tests/src/test/resources/linkd/nms17216/switch3-walk.txt
nms17216,switch4-walk.txt,nms17216/switch4-walk.txt,290831baee819f94dd8d0789218714a2c0bf27932d63df589d0623f2d3da535a,1395815,features/enlinkd/tests/src/test/resources/linkd/nms17216/switch4-walk.txt
nms17216,switch5-walk.txt,nms17216/switch5-walk.txt,dd10ad482fb397454df770cbc7eca6348ede6fa58547143942601760a0b93c37,1419543,features/enlinkd/tests/src/test/resources/linkd/nms17216/switch5-walk.txt
nms18541,10.115.180.1-walk.txt,nms18541/10.115.180.1-walk.txt,1e404df11ea919ecd4917fb2ea26e3ee78990ecd5a3493e7d363c29f0cde9ee4,15748,features/enlinkd/tests/src/test/resources/linkd/nms18541/10.115.180.1-walk.txt
nms18541,10.115.180.2-walk.txt,nms18541/10.115.180.2-walk.txt,7362b8ec1c479f16e41bde1e6c2c5bb622be7259a1fea5cd2cb9e5779e2ab393,15596,features/enlinkd/tests/src/test/resources/linkd/nms18541/10.115.180.2-walk.txt
nms18541,10.115.180.3-walk.txt,nms18541/10.115.180.3-walk.txt,281eecab731d863d4ac7e892351e30569eb36a519f2e49ef14f5b2013b754157,14975,features/enlinkd/tests/src/test/resources/linkd/nms18541/10.115.180.3-walk.txt
nms18541,10.115.180.4-walk.txt,nms18541/10.115.180.4-walk.txt,dd38cafcd6f778421f9df418b249a34e683c603181c439b887ff686b4a57f382,20988,features/enlinkd/tests/src/test/resources/linkd/nms18541/10.115.180.4-walk.txt
nms18541,10.115.180.8-walk.txt,nms18541/10.115.180.8-walk.txt,ee5c421d353504ae887f7da0580d5d1db7b9ec7000e72c081fa4acd744e25e93,20822,features/enlinkd/tests/src/test/resources/linkd/nms18541/10.115.180.8-walk.txt
nms18541,10.115.180.9-walk.txt,nms18541/10.115.180.9-walk.txt,4d2eff2135611aa5f9b0e35d4b717a6f9f943b81874c8814ebf550b99af2aedc,18989,features/enlinkd/tests/src/test/resources/linkd/nms18541/10.115.180.9-walk.txt
nms18541,10.59.228.201-walk.txt,nms18541/10.59.228.201-walk.txt,f1c712b75edd896c06d57608c2544d7253b844b64ef13d29a3a5d4caa84275a0,32142,features/enlinkd/tests/src/test/resources/linkd/nms18541/10.59.228.201-walk.txt
nms4005,10.1.1.2-walk.txt,nms4005/10.1.1.2-walk.txt,1084faf14a15135cc5d2d53b049279c7a254bf3feb04c37178499c31fdb96640,45663,features/enlinkd/tests/src/test/resources/linkd/nms4005/10.1.1.2-walk.txt
nms4005,10.1.2.2-walk.txt,nms4005/10.1.2.2-walk.txt,4706888540c85f312f4e6648459dc6fe83ac7b581d33f30bc98baf63be0df710,36780,features/enlinkd/tests/src/test/resources/linkd/nms4005/10.1.2.2-walk.txt
nms4005,10.1.3.2-walk.txt,nms4005/10.1.3.2-walk.txt,0dbbff4fb22716efe6de750b2e1132bb667c746f017eaac27cb413cfedd89770,45172,features/enlinkd/tests/src/test/resources/linkd/nms4005/10.1.3.2-walk.txt
nms4005,10.1.4.2-walk.txt,nms4005/10.1.4.2-walk.txt,4cb64be995250cb1bc9a072cbd82ee32391a4123917ef5fadd066ffa9231347b,36067,features/enlinkd/tests/src/test/resources/linkd/nms4005/10.1.4.2-walk.txt
nms4930,dlink_DES-3026.properties,nms4930/dlink_DES-3026.properties,28d63592249fc73c7b88866401a79ac992b3a8534d045fa771f102c33a8d6155,64522,features/enlinkd/tests/src/test/resources/linkd/nms4930/dlink_DES-3026.properties
nms4930,dlink_DGS-3612G.properties,nms4930/dlink_DGS-3612G.properties,5bcdb539da30793abdcb34f279b8094490ad3f0a9fe0989377a578ff2edb0262,363303,features/enlinkd/tests/src/test/resources/linkd/nms4930/dlink_DGS-3612G.properties
nms6802,cisco-ios-xr-walk.txt,nms6802/cisco-ios-xr-walk.txt,89edd3b5ed66418d4928f2daacbc22bf27791b6dd7927734043d6e3f7d2913f8,367163,features/enlinkd/tests/src/test/resources/linkd/nms6802/cisco-ios-xr-walk.txt
nms7467,192.0.2.1-walk.txt,nms7467/192.0.2.1-walk.txt,8a0734689ae9d706a8a030a23a86d22461017f8757adbc0c3ce8739396973939,490112,features/enlinkd/tests/src/test/resources/linkd/nms7467/192.0.2.1-walk.txt
nms7467,192.0.2.14-walk.txt,nms7467/192.0.2.14-walk.txt,e148cf960d0ad5b9468d03e4436c50b893e2b0c96b8379267ee56c56ea790d7a,278305,features/enlinkd/tests/src/test/resources/linkd/nms7467/192.0.2.14-walk.txt
nms7467,192.0.2.28-walk.txt,nms7467/192.0.2.28-walk.txt,eef355d4dc4f03f24737319c05aa55a347e4ae35522d643f5fc23785a2d0f23a,117931,features/enlinkd/tests/src/test/resources/linkd/nms7467/192.0.2.28-walk.txt
nms7467,192.0.2.7-walk.txt,nms7467/192.0.2.7-walk.txt,03e09481880adf10330219eabd8f0a838635c3e02619f4eeaaf961c307db6223,938923,features/enlinkd/tests/src/test/resources/linkd/nms7467/192.0.2.7-walk.txt
nms7467,192.0.2.8-walk.txt,nms7467/192.0.2.8-walk.txt,5923c9f0b6964c96dc5641158e3a2a6d4072761ec5d5458ef81a777f48eb9078,59957,features/enlinkd/tests/src/test/resources/linkd/nms7467/192.0.2.8-walk.txt
nms7563,cisco01-walk.txt,nms7563/cisco01-walk.txt,bbe75e5b784ec5b330988ae33ab20b3d08479f6fe35103920726dcf3a3a33c4e,6977,features/enlinkd/tests/src/test/resources/linkd/nms7563/cisco01-walk.txt
nms7563,homeserver-walk.txt,nms7563/homeserver-walk.txt,69d3a0d052ab2435535433546dd55e8fe2d7a669fd8a42697d9dd4c9c858d5f6,4942,features/enlinkd/tests/src/test/resources/linkd/nms7563/homeserver-walk.txt
nms7563,switch02-walk.txt,nms7563/switch02-walk.txt,92d609b2ac9e961d88421f43565310f7b1c7d51c4a8032b0377e183f90dcbca8,3536,features/enlinkd/tests/src/test/resources/linkd/nms7563/switch02-walk.txt
nms7777dw,dw-walk.txt,nms7777dw/dw-walk.txt,dd9f99e7e18eb0ede053d853b3dd0dbd76bafcdaf9e6e090202fab3277ace0ee,2106,features/enlinkd/tests/src/test/resources/linkd/nms7777dw/dw-walk.txt
nms7918,asw01.txt,nms7918/asw01.txt,1cb441dee038b4fdbd3f11dcff0a0549f40b1adefa401ea2df4318e83682b312,237907,features/enlinkd/tests/src/test/resources/linkd/nms7918/asw01.txt
nms7918,osp.ess01.txt,nms7918/osp.ess01.txt,d0992e575e993427c351023c0ea485028e1494a70c8872446e4df78095395086,47596,features/enlinkd/tests/src/test/resources/linkd/nms7918/osp.ess01.txt
nms7918,ospedale-wl1.txt,nms7918/ospedale-wl1.txt,c1aeb1a599e9bb65506cd2841fb72393e7081ba7a52707170b588289c09339ca,31884,features/enlinkd/tests/src/test/resources/linkd/nms7918/ospedale-wl1.txt
nms7918,pe01.txt,nms7918/pe01.txt,27adf19ec18f34771d82f86f2519279498ccc925cfba1cf805bad629eda9cfa3,8517182,features/enlinkd/tests/src/test/resources/linkd/nms7918/pe01.txt
nms7918,sam.asw01.txt,nms7918/sam.asw01.txt,597343609e4f768848a88b8028ed08bc76b54691137032c9ec63b127f4237258,452580,features/enlinkd/tests/src/test/resources/linkd/nms7918/sam.asw01.txt
nms7918,stc.asw01.txt,nms7918/stc.asw01.txt,dd0bae8b9425b464ad762153aaed1178a5b6c3ec64adab79666d4997abc183fd,229024,features/enlinkd/tests/src/test/resources/linkd/nms7918/stc.asw01.txt
nms8000,NMM-R1.snmpwalk.txt,nms8000/NMM-R1.snmpwalk.txt,1f820c6a5223fddcaf33afa5c482a641877e5daa2a37067f16439969f924e03f,2265884,features/enlinkd/tests/src/test/resources/linkd/nms8000/NMM-R1.snmpwalk.txt
nms8000,NMM-R2.snmpwalk.txt,nms8000/NMM-R2.snmpwalk.txt,984ee3710f21d03e319ed332b5819ec30f82aaa096bb19e012d4ade8d6f2b685,2258867,features/enlinkd/tests/src/test/resources/linkd/nms8000/NMM-R2.snmpwalk.txt
nms8000,NMM-R3.snmpwalk.txt,nms8000/NMM-R3.snmpwalk.txt,86f922b47ba0c87efd392920666c67181f0580aa4865a625bc9e4fcf6608d745,2144668,features/enlinkd/tests/src/test/resources/linkd/nms8000/NMM-R3.snmpwalk.txt
nms8000,NMM-SW1.snmpwalk.txt,nms8000/NMM-SW1.snmpwalk.txt,ac210a5575e8b5fe8033d6f65e908da0aef0ae4ef885bf57a95e7ea935aec897,1508559,features/enlinkd/tests/src/test/resources/linkd/nms8000/NMM-SW1.snmpwalk.txt
nms8000,NMM-SW2.snmpwalk.txt,nms8000/NMM-SW2.snmpwalk.txt,a479e81309b80924d5856100000f5fc3f208357f6a091f39fcba50adb03220db,1508223,features/enlinkd/tests/src/test/resources/linkd/nms8000/NMM-SW2.snmpwalk.txt
nms8003,NMM-R1.snmpwalk.txt,nms8003/NMM-R1.snmpwalk.txt,4a48d5e248f49dc57a432de25d3bc11668fbbae968370b3eb206c8f7a0f0626e,2295543,features/enlinkd/tests/src/test/resources/linkd/nms8003/NMM-R1.snmpwalk.txt
nms8003,NMM-R2.snmpwalk.txt,nms8003/NMM-R2.snmpwalk.txt,b2eda66c55f5671882df1fc57152a086d24960846f4f9379d52019f1de444013,2287345,features/enlinkd/tests/src/test/resources/linkd/nms8003/NMM-R2.snmpwalk.txt
nms8003,NMM-R3.snmpwalk.txt,nms8003/NMM-R3.snmpwalk.txt,bf4488b24e698a19b09233696b424c9106a5b25f2d77dfcf689503252af5474c,2172786,features/enlinkd/tests/src/test/resources/linkd/nms8003/NMM-R3.snmpwalk.txt
nms8003,NMM-SW1.snmpwalk.txt,nms8003/NMM-SW1.snmpwalk.txt,952a3c018f017ad9f5d7810795c41b4bcc3230fc3ccb304366815ef52221b080,1563031,features/enlinkd/tests/src/test/resources/linkd/nms8003/NMM-SW1.snmpwalk.txt
nms8003,NMM-SW2.snmpwalk.txt,nms8003/NMM-SW2.snmpwalk.txt,fd4005e754e8623b8876959131a9c5fbceeacf9c146d574d71ba2ff9297e22c5,1561559,features/enlinkd/tests/src/test/resources/linkd/nms8003/NMM-SW2.snmpwalk.txt
